{"full_sq": 54.21426930524105, "life_sq": 34.403271338425775, "floor": 7.670802534318902, "max_floor": 12.558974113593951, "material": 1.82712091487631, "build_year": 3068.0570971184634, "num_room": 1.909804296856309, "kitch_sq": 6.399301401980956, "state": 2.1070245979186377, "area_m": 17657051.421491515, "raion_popul": 84056.42555216435, "green_zone_part": 0.21892226384815072, "indust_part": 0.11887130937167799, "children_preschool": 5140.026156017197, "preschool_quota": 3271.2724635243662, "preschool_education_centers_raion": 4.065111089232385, "children_school": 5354.269699058121, "school_quota": 8324.97073909022, "school_education_centers_raion": 4.705031013094418, "school_education_centers_top_20_raion": 0.10967805454366447, "hospital_beds_raion": 1190.7386774797255, "healthcare_centers_raion": 1.3208952774769454, "university_top_20_raion": 0.13829542844015622, "sport_objects_raion": 6.635030028551737, "additional_education_raion": 2.8963932919825406, "culture_objects_top_25_raion": 0.2867316464835417, "shopping_centers_raion": 4.200977979062059, "office_raion": 8.25345410390207, "full_all": 146306.15276820582, "male_f": 67207.7896032293, "female_f": 79098.66210495225, "young_all": 11178.809490991434, "young_male": 5723.853106232155, "young_female": 5455.013947687966, "work_all": 53667.908896984016, "work_male": 27253.585802894555, "work_female": 26414.41482064914, "ekder_all": 19209.7071641889, "ekder_male": 5811.618161530636, "ekder_female": 13398.167437891765, "0_6_all": 5140.026156017197, "0_6_male": 2631.199172984149, "0_6_female": 2508.9556955794033, "7_14_all": 5354.269699058121, "7_14_male": 2743.4703488562895, "7_14_female": 2610.946506514391, "0_17_all": 12540.611302549965, "0_17_male": 6423.198516622362, "0_17_female": 6117.569525122248, "16_29_all": 31316.28984936497, "16_29_male": 15369.431065603361, "16_29_female": 15946.978766696204, "0_13_all": 9841.09753536149, "0_13_male": 5037.272488595714, "0_13_female": 4803.833152833842, "raion_build_count_with_material_info": 328.66063579277863, "build_count_block": 50.297448979591834, "build_count_wood": 40.84843014128728, "build_count_frame": 4.954984301412873, "build_count_brick": 108.048704866562, "build_count_monolith": 12.043642072213501, "build_count_panel": 107.23689167974882, "build_count_foam": 0.16558084772370488, "build_count_slag": 4.49179748822606, "build_count_mix": 0.5731554160125588, "raion_build_count_with_builddate_info": 328.3284929356358, "build_count_before_1920": 18.899293563579278, "build_count_1921-1945": 26.721585557299843, "build_count_1946-1970": 141.42641287284144, "build_count_1971-1995": 80.13037676609105, "build_count_after_1995": 61.15082417582418, "metro_min_avto": 4.961272570680681, "metro_km_avto": 3.7014637408923563, "metro_min_walk": 42.73760103651336, "metro_km_walk": 3.561466753071865, "kindergarten_km": 0.9816837523017952, "school_km": 1.3239562184499687, "park_km": 3.099942211361327, "green_zone_km": 0.3005109920842112, "industrial_km": 0.7688314541307145, "water_treatment_km": 11.167612558301334, "cemetery_km": 2.314764888287224, "incineration_km": 10.884613305798956, "railroad_station_walk_km": 4.386944618166459, "railroad_station_walk_min": 52.64333541907374, "railroad_station_avto_km": 4.58728284273145, "railroad_station_avto_min": 6.086609114565422, "public_transport_station_km": 0.4141355168606872, "public_transport_station_min_walk": 4.969626202181877, "water_km": 0.6909465921070526, "mkad_km": 6.274764137684881, "ttk_km": 11.318152034433592, "sadovoe_km": 14.056721456610484, "bulvar_ring_km": 15.02333809362069, "kremlin_km": 16.044808352000857, "big_road1_km": 1.8812758558572085, "big_road2_km": 3.3966493133709426, "railroad_km": 1.8893795041980572, "zd_vokzaly_avto_km": 17.21484814435808, "bus_terminal_avto_km": 9.99244683491372, "oil_chemistry_km": 17.4016107159829, "nuclear_reactor_km": 10.945350234639921, "radiation_km": 4.410781065990548, "power_transmission_line_km": 3.49223050025946, "thermal_power_plant_km": 7.340115605731548, "ts_km": 4.931417517331102, "big_market_km": 13.283916046466835, "market_shop_km": 3.95888174471632, "fitness_km": 1.154586099758426, "swim_pool_km": 4.232376191764497, "ice_rink_km": 6.123671733234681, "stadium_km": 9.436658265525484, "basketball_km": 4.7876358564544, "hospice_morgue_km": 2.6464934485508187, "detention_facility_km": 14.551103296241706, "public_healthcare_km": 3.3567706694024486, "university_km": 6.855890704522202, "workplaces_km": 3.926701834280234, "shopping_centers_km": 1.5058083009477536, "office_km": 2.01097316905602, "additional_education_km": 1.3284880872308096, "preschool_km": 1.345235042524302, "big_church_km": 2.3300469499163468, "church_synagogue_km": 0.9720142215667027, "mosque_km": 7.739236770494765, "theater_km": 9.638074490018967, "museum_km": 7.063236408436087, "exhibition_km": 5.552255865661679, "catering_km": 0.6879882153968364, "green_part_500": 13.376269567785762, "prom_part_500": 5.7180696399855595, "office_count_500": 0.740868366643694, "office_sqm_500": 13983.384332644153, "trc_count_500": 0.5583669718748975, "trc_sqm_500": 21797.256703094747, "cafe_count_500": 3.871845361163073, "cafe_sum_500_min_price_avg": 741.3195724258289, "cafe_sum_500_max_price_avg": 1247.023497382199, "cafe_avg_price_500": 994.1716276905175, "cafe_count_500_na_price": 0.3433428505792393, "cafe_count_500_price_500": 0.9937317449378097, "cafe_count_500_price_1000": 0.9800794197761806, "cafe_count_500_price_1500": 0.8437858947852056, "cafe_count_500_price_2500": 0.5428768337107414, "cafe_count_500_price_4000": 0.1386236093334646, "cafe_count_500_price_high": 0.029405008040431887, "big_church_count_500": 0.28640346559023333, "church_count_500": 0.5828164484263726, "mosque_count_500": 0.0048898953102950345, "leisure_count_500": 0.07059171015063503, "sport_count_500": 0.9144760592038331, "market_count_500": 0.12385546913458699, "green_part_1000": 16.962455777624626, "prom_part_1000": 8.783209280955662, "office_count_1000": 3.091857832037019, "office_sqm_1000": 62267.2205375603, "trc_count_1000": 1.978175970594992, "trc_sqm_1000": 65880.7948213055, "cafe_count_1000": 15.413704834104559, "cafe_sum_1000_min_price_avg": 710.916391614816, "cafe_sum_1000_max_price_avg": 1206.616553221698, "cafe_avg_price_1000": 958.7664905833716, "cafe_count_1000_na_price": 1.0220865741196548, "cafe_count_1000_price_500": 4.145252863378294, "cafe_count_1000_price_1000": 3.942141708509731, "cafe_count_1000_price_1500": 3.524334613238817, "cafe_count_1000_price_2500": 1.951035410718388, "cafe_count_1000_price_4000": 0.7686981063962456, "cafe_count_1000_price_high": 0.06015555774342818, "big_church_count_1000": 0.8108037150077122, "church_count_1000": 1.8219290472908667, "mosque_count_1000": 0.019165764169210068, "leisure_count_1000": 0.46926585934166914, "sport_count_1000": 2.9131305175412687, "market_count_1000": 0.3802303829871025, "green_part_1500": 19.19746972531259, "prom_part_1500": 10.59929473926028, "office_count_1500": 7.313905024449476, "office_sqm_1500": 140371.18903219455, "trc_count_1500": 3.726001772176824, "trc_sqm_1500": 127714.86416592826, "cafe_count_1500": 32.46165206261691, "cafe_sum_1500_min_price_avg": 714.0642981120584, "cafe_sum_1500_max_price_avg": 1206.0148671589523, "cafe_avg_price_1500": 960.0397605816078, "cafe_count_1500_na_price": 2.106133700895934, "cafe_count_1500_price_500": 8.22956253486922, "cafe_count_1500_price_1000": 8.764825571855207, "cafe_count_1500_price_1500": 7.8807062452824, "cafe_count_1500_price_2500": 3.8313806570181486, "cafe_count_1500_price_4000": 1.455383807554724, "cafe_count_1500_price_high": 0.19365954514128186, "big_church_count_1500": 1.9683961799744019, "church_count_1500": 3.664139673788192, "mosque_count_1500": 0.03780643890912671, "leisure_count_1500": 0.9456532440681303, "sport_count_1500": 5.870795182304486, "market_count_1500": 0.7666633848577336, "green_part_2000": 20.839356437268222, "prom_part_2000": 11.22460076794329,